<code_scheme name="Default" version="173">
  <option name="ENABLE_SECOND_REFORMAT" value="true" />
  <JavaCodeStyleSettings>
    <option name="JD_PRESERVE_LINE_FEEDS" value="true" />
  </JavaCodeStyleSettings>
  <files>
    <extensions>
      <pair source="c" header="h" fileNamingConvention="NONE" />
      <pair source="cpp" header="h" fileNamingConvention="NONE" />
      <pair source="cu" header="cuh" fileNamingConvention="NONE" />
    </extensions>
  </files>
  <codeStyleSettings language="HTML">
    <option name="LINE_COMMENT_AT_FIRST_COLUMN" value="false" />
    <option name="BLOCK_COMMENT_AT_FIRST_COLUMN" value="false" />
  </codeStyleSettings>
  <codeStyleSettings language="JAVA">
    <option name="LINE_COMMENT_AT_FIRST_COLUMN" value="false" />
    <option name="WRAP_COMMENTS" value="true" />
  </codeStyleSettings>
</code_scheme>