<application>
  <component name="FileTypeManager" version="18">
    <ignoreFiles list="*.idea;*.iml;*.pyc;*.pyo;*.rbc;*.yarb;*~;.DS_Store;.git;.hg;.svn;CVS;__pycache__;_svn;vssver.scc;vssver2.scc" />
    <extensionMap>
      <mapping ext="o" type="AUTO_DETECTED" />
      <mapping pattern=".ideavimrc" type="PLAIN_TEXT" />
      <mapping pattern="1-6-GetcharTest" type="PLAIN_TEXT" />
      <mapping ext="out" type="PLAIN_TEXT" />
      <removed_mapping ext="apk" approved="true" type="ARCHIVE" />
      <removed_mapping ext="pdf" approved="true" type="Native" />
      <removed_mapping ext="psd" approved="true" type="Image" />
      <mapping ext="plantuml" type="PlantUML file" />
    </extensionMap>
  </component>
</application>