<application>
  <component name="ProjectJdkTable">
    <jdk version="2">
      <name value="17" />
      <type value="JavaSDK" />
      <version value="Oracle OpenJDK version 17.0.4" />
      <homePath value="$USER_HOME$/java/jdk-17.0.4" />
      <roots>
        <classPath>
          <root type="composite">
            <root url="jrt:///home/AaronLi/java/jdk-17.0.4!/java.base" type="simple" />
            <root url="jrt:///home/AaronLi/java/jdk-17.0.4!/java.compiler" type="simple" />
            <root url="jrt:///home/AaronLi/java/jdk-17.0.4!/java.datatransfer" type="simple" />
            <root url="jrt:///home/AaronLi/java/jdk-17.0.4!/java.desktop" type="simple" />
            <root url="jrt:///home/AaronLi/java/jdk-17.0.4!/java.instrument" type="simple" />
            <root url="jrt:///home/AaronLi/java/jdk-17.0.4!/java.logging" type="simple" />
            <root url="jrt:///home/AaronLi/java/jdk-17.0.4!/java.management" type="simple" />
            <root url="jrt:///home/AaronLi/java/jdk-17.0.4!/java.management.rmi" type="simple" />
            <root url="jrt:///home/AaronLi/java/jdk-17.0.4!/java.naming" type="simple" />
            <root url="jrt:///home/AaronLi/java/jdk-17.0.4!/java.net.http" type="simple" />
            <root url="jrt:///home/AaronLi/java/jdk-17.0.4!/java.prefs" type="simple" />
            <root url="jrt:///home/AaronLi/java/jdk-17.0.4!/java.rmi" type="simple" />
            <root url="jrt:///home/AaronLi/java/jdk-17.0.4!/java.scripting" type="simple" />
            <root url="jrt:///home/AaronLi/java/jdk-17.0.4!/java.se" type="simple" />
            <root url="jrt:///home/AaronLi/java/jdk-17.0.4!/java.security.jgss" type="simple" />
            <root url="jrt:///home/AaronLi/java/jdk-17.0.4!/java.security.sasl" type="simple" />
            <root url="jrt:///home/AaronLi/java/jdk-17.0.4!/java.smartcardio" type="simple" />
            <root url="jrt:///home/AaronLi/java/jdk-17.0.4!/java.sql" type="simple" />
            <root url="jrt:///home/AaronLi/java/jdk-17.0.4!/java.sql.rowset" type="simple" />
            <root url="jrt:///home/AaronLi/java/jdk-17.0.4!/java.transaction.xa" type="simple" />
            <root url="jrt:///home/AaronLi/java/jdk-17.0.4!/java.xml" type="simple" />
            <root url="jrt:///home/AaronLi/java/jdk-17.0.4!/java.xml.crypto" type="simple" />
            <root url="jrt:///home/AaronLi/java/jdk-17.0.4!/jdk.accessibility" type="simple" />
            <root url="jrt:///home/AaronLi/java/jdk-17.0.4!/jdk.attach" type="simple" />
            <root url="jrt:///home/AaronLi/java/jdk-17.0.4!/jdk.charsets" type="simple" />
            <root url="jrt:///home/AaronLi/java/jdk-17.0.4!/jdk.compiler" type="simple" />
            <root url="jrt:///home/AaronLi/java/jdk-17.0.4!/jdk.crypto.cryptoki" type="simple" />
            <root url="jrt:///home/AaronLi/java/jdk-17.0.4!/jdk.crypto.ec" type="simple" />
            <root url="jrt:///home/AaronLi/java/jdk-17.0.4!/jdk.dynalink" type="simple" />
            <root url="jrt:///home/AaronLi/java/jdk-17.0.4!/jdk.editpad" type="simple" />
            <root url="jrt:///home/AaronLi/java/jdk-17.0.4!/jdk.hotspot.agent" type="simple" />
            <root url="jrt:///home/AaronLi/java/jdk-17.0.4!/jdk.httpserver" type="simple" />
            <root url="jrt:///home/AaronLi/java/jdk-17.0.4!/jdk.incubator.foreign" type="simple" />
            <root url="jrt:///home/AaronLi/java/jdk-17.0.4!/jdk.incubator.vector" type="simple" />
            <root url="jrt:///home/AaronLi/java/jdk-17.0.4!/jdk.internal.ed" type="simple" />
            <root url="jrt:///home/AaronLi/java/jdk-17.0.4!/jdk.internal.jvmstat" type="simple" />
            <root url="jrt:///home/AaronLi/java/jdk-17.0.4!/jdk.internal.le" type="simple" />
            <root url="jrt:///home/AaronLi/java/jdk-17.0.4!/jdk.internal.opt" type="simple" />
            <root url="jrt:///home/AaronLi/java/jdk-17.0.4!/jdk.internal.vm.ci" type="simple" />
            <root url="jrt:///home/AaronLi/java/jdk-17.0.4!/jdk.internal.vm.compiler" type="simple" />
            <root url="jrt:///home/AaronLi/java/jdk-17.0.4!/jdk.internal.vm.compiler.management" type="simple" />
            <root url="jrt:///home/AaronLi/java/jdk-17.0.4!/jdk.jartool" type="simple" />
            <root url="jrt:///home/AaronLi/java/jdk-17.0.4!/jdk.javadoc" type="simple" />
            <root url="jrt:///home/AaronLi/java/jdk-17.0.4!/jdk.jcmd" type="simple" />
            <root url="jrt:///home/AaronLi/java/jdk-17.0.4!/jdk.jconsole" type="simple" />
            <root url="jrt:///home/AaronLi/java/jdk-17.0.4!/jdk.jdeps" type="simple" />
            <root url="jrt:///home/AaronLi/java/jdk-17.0.4!/jdk.jdi" type="simple" />
            <root url="jrt:///home/AaronLi/java/jdk-17.0.4!/jdk.jdwp.agent" type="simple" />
            <root url="jrt:///home/AaronLi/java/jdk-17.0.4!/jdk.jfr" type="simple" />
            <root url="jrt:///home/AaronLi/java/jdk-17.0.4!/jdk.jlink" type="simple" />
            <root url="jrt:///home/AaronLi/java/jdk-17.0.4!/jdk.jpackage" type="simple" />
            <root url="jrt:///home/AaronLi/java/jdk-17.0.4!/jdk.jshell" type="simple" />
            <root url="jrt:///home/AaronLi/java/jdk-17.0.4!/jdk.jsobject" type="simple" />
            <root url="jrt:///home/AaronLi/java/jdk-17.0.4!/jdk.jstatd" type="simple" />
            <root url="jrt:///home/AaronLi/java/jdk-17.0.4!/jdk.localedata" type="simple" />
            <root url="jrt:///home/AaronLi/java/jdk-17.0.4!/jdk.management" type="simple" />
            <root url="jrt:///home/AaronLi/java/jdk-17.0.4!/jdk.management.agent" type="simple" />
            <root url="jrt:///home/AaronLi/java/jdk-17.0.4!/jdk.management.jfr" type="simple" />
            <root url="jrt:///home/AaronLi/java/jdk-17.0.4!/jdk.naming.dns" type="simple" />
            <root url="jrt:///home/AaronLi/java/jdk-17.0.4!/jdk.naming.rmi" type="simple" />
            <root url="jrt:///home/AaronLi/java/jdk-17.0.4!/jdk.net" type="simple" />
            <root url="jrt:///home/AaronLi/java/jdk-17.0.4!/jdk.nio.mapmode" type="simple" />
            <root url="jrt:///home/AaronLi/java/jdk-17.0.4!/jdk.random" type="simple" />
            <root url="jrt:///home/AaronLi/java/jdk-17.0.4!/jdk.sctp" type="simple" />
            <root url="jrt:///home/AaronLi/java/jdk-17.0.4!/jdk.security.auth" type="simple" />
            <root url="jrt:///home/AaronLi/java/jdk-17.0.4!/jdk.security.jgss" type="simple" />
            <root url="jrt:///home/AaronLi/java/jdk-17.0.4!/jdk.unsupported" type="simple" />
            <root url="jrt:///home/AaronLi/java/jdk-17.0.4!/jdk.unsupported.desktop" type="simple" />
            <root url="jrt:///home/AaronLi/java/jdk-17.0.4!/jdk.xml.dom" type="simple" />
            <root url="jrt:///home/AaronLi/java/jdk-17.0.4!/jdk.zipfs" type="simple" />
          </root>
        </classPath>
        <sourcePath>
          <root type="composite">
            <root url="jar://$USER_HOME$/java/jdk-17.0.4/lib/src.zip!/java.se" type="simple" />
            <root url="jar://$USER_HOME$/java/jdk-17.0.4/lib/src.zip!/jdk.jdi" type="simple" />
            <root url="jar://$USER_HOME$/java/jdk-17.0.4/lib/src.zip!/jdk.jfr" type="simple" />
            <root url="jar://$USER_HOME$/java/jdk-17.0.4/lib/src.zip!/jdk.net" type="simple" />
            <root url="jar://$USER_HOME$/java/jdk-17.0.4/lib/src.zip!/java.rmi" type="simple" />
            <root url="jar://$USER_HOME$/java/jdk-17.0.4/lib/src.zip!/java.sql" type="simple" />
            <root url="jar://$USER_HOME$/java/jdk-17.0.4/lib/src.zip!/java.xml" type="simple" />
            <root url="jar://$USER_HOME$/java/jdk-17.0.4/lib/src.zip!/jdk.jcmd" type="simple" />
            <root url="jar://$USER_HOME$/java/jdk-17.0.4/lib/src.zip!/jdk.sctp" type="simple" />
            <root url="jar://$USER_HOME$/java/jdk-17.0.4/lib/src.zip!/java.base" type="simple" />
            <root url="jar://$USER_HOME$/java/jdk-17.0.4/lib/src.zip!/jdk.jdeps" type="simple" />
            <root url="jar://$USER_HOME$/java/jdk-17.0.4/lib/src.zip!/jdk.jlink" type="simple" />
            <root url="jar://$USER_HOME$/java/jdk-17.0.4/lib/src.zip!/jdk.zipfs" type="simple" />
            <root url="jar://$USER_HOME$/java/jdk-17.0.4/lib/src.zip!/java.prefs" type="simple" />
            <root url="jar://$USER_HOME$/java/jdk-17.0.4/lib/src.zip!/jdk.attach" type="simple" />
            <root url="jar://$USER_HOME$/java/jdk-17.0.4/lib/src.zip!/jdk.jshell" type="simple" />
            <root url="jar://$USER_HOME$/java/jdk-17.0.4/lib/src.zip!/jdk.jstatd" type="simple" />
            <root url="jar://$USER_HOME$/java/jdk-17.0.4/lib/src.zip!/jdk.random" type="simple" />
            <root url="jar://$USER_HOME$/java/jdk-17.0.4/lib/src.zip!/java.naming" type="simple" />
            <root url="jar://$USER_HOME$/java/jdk-17.0.4/lib/src.zip!/jdk.editpad" type="simple" />
            <root url="jar://$USER_HOME$/java/jdk-17.0.4/lib/src.zip!/jdk.jartool" type="simple" />
            <root url="jar://$USER_HOME$/java/jdk-17.0.4/lib/src.zip!/jdk.javadoc" type="simple" />
            <root url="jar://$USER_HOME$/java/jdk-17.0.4/lib/src.zip!/jdk.xml.dom" type="simple" />
            <root url="jar://$USER_HOME$/java/jdk-17.0.4/lib/src.zip!/java.desktop" type="simple" />
            <root url="jar://$USER_HOME$/java/jdk-17.0.4/lib/src.zip!/java.logging" type="simple" />
            <root url="jar://$USER_HOME$/java/jdk-17.0.4/lib/src.zip!/jdk.charsets" type="simple" />
            <root url="jar://$USER_HOME$/java/jdk-17.0.4/lib/src.zip!/jdk.compiler" type="simple" />
            <root url="jar://$USER_HOME$/java/jdk-17.0.4/lib/src.zip!/jdk.dynalink" type="simple" />
            <root url="jar://$USER_HOME$/java/jdk-17.0.4/lib/src.zip!/jdk.jconsole" type="simple" />
            <root url="jar://$USER_HOME$/java/jdk-17.0.4/lib/src.zip!/jdk.jpackage" type="simple" />
            <root url="jar://$USER_HOME$/java/jdk-17.0.4/lib/src.zip!/jdk.jsobject" type="simple" />
            <root url="jar://$USER_HOME$/java/jdk-17.0.4/lib/src.zip!/java.compiler" type="simple" />
            <root url="jar://$USER_HOME$/java/jdk-17.0.4/lib/src.zip!/java.net.http" type="simple" />
            <root url="jar://$USER_HOME$/java/jdk-17.0.4/lib/src.zip!/jdk.crypto.ec" type="simple" />
            <root url="jar://$USER_HOME$/java/jdk-17.0.4/lib/src.zip!/java.scripting" type="simple" />
            <root url="jar://$USER_HOME$/java/jdk-17.0.4/lib/src.zip!/jdk.httpserver" type="simple" />
            <root url="jar://$USER_HOME$/java/jdk-17.0.4/lib/src.zip!/jdk.jdwp.agent" type="simple" />
            <root url="jar://$USER_HOME$/java/jdk-17.0.4/lib/src.zip!/jdk.localedata" type="simple" />
            <root url="jar://$USER_HOME$/java/jdk-17.0.4/lib/src.zip!/jdk.management" type="simple" />
            <root url="jar://$USER_HOME$/java/jdk-17.0.4/lib/src.zip!/jdk.naming.dns" type="simple" />
            <root url="jar://$USER_HOME$/java/jdk-17.0.4/lib/src.zip!/jdk.naming.rmi" type="simple" />
            <root url="jar://$USER_HOME$/java/jdk-17.0.4/lib/src.zip!/java.instrument" type="simple" />
            <root url="jar://$USER_HOME$/java/jdk-17.0.4/lib/src.zip!/java.management" type="simple" />
            <root url="jar://$USER_HOME$/java/jdk-17.0.4/lib/src.zip!/java.sql.rowset" type="simple" />
            <root url="jar://$USER_HOME$/java/jdk-17.0.4/lib/src.zip!/java.xml.crypto" type="simple" />
            <root url="jar://$USER_HOME$/java/jdk-17.0.4/lib/src.zip!/jdk.internal.ed" type="simple" />
            <root url="jar://$USER_HOME$/java/jdk-17.0.4/lib/src.zip!/jdk.internal.le" type="simple" />
            <root url="jar://$USER_HOME$/java/jdk-17.0.4/lib/src.zip!/jdk.nio.mapmode" type="simple" />
            <root url="jar://$USER_HOME$/java/jdk-17.0.4/lib/src.zip!/jdk.unsupported" type="simple" />
            <root url="jar://$USER_HOME$/java/jdk-17.0.4/lib/src.zip!/java.smartcardio" type="simple" />
            <root url="jar://$USER_HOME$/java/jdk-17.0.4/lib/src.zip!/jdk.internal.opt" type="simple" />
            <root url="jar://$USER_HOME$/java/jdk-17.0.4/lib/src.zip!/java.datatransfer" type="simple" />
            <root url="jar://$USER_HOME$/java/jdk-17.0.4/lib/src.zip!/jdk.accessibility" type="simple" />
            <root url="jar://$USER_HOME$/java/jdk-17.0.4/lib/src.zip!/jdk.hotspot.agent" type="simple" />
            <root url="jar://$USER_HOME$/java/jdk-17.0.4/lib/src.zip!/jdk.security.auth" type="simple" />
            <root url="jar://$USER_HOME$/java/jdk-17.0.4/lib/src.zip!/jdk.security.jgss" type="simple" />
            <root url="jar://$USER_HOME$/java/jdk-17.0.4/lib/src.zip!/java.security.jgss" type="simple" />
            <root url="jar://$USER_HOME$/java/jdk-17.0.4/lib/src.zip!/java.security.sasl" type="simple" />
            <root url="jar://$USER_HOME$/java/jdk-17.0.4/lib/src.zip!/jdk.internal.vm.ci" type="simple" />
            <root url="jar://$USER_HOME$/java/jdk-17.0.4/lib/src.zip!/jdk.management.jfr" type="simple" />
            <root url="jar://$USER_HOME$/java/jdk-17.0.4/lib/src.zip!/java.management.rmi" type="simple" />
            <root url="jar://$USER_HOME$/java/jdk-17.0.4/lib/src.zip!/java.transaction.xa" type="simple" />
            <root url="jar://$USER_HOME$/java/jdk-17.0.4/lib/src.zip!/jdk.crypto.cryptoki" type="simple" />
            <root url="jar://$USER_HOME$/java/jdk-17.0.4/lib/src.zip!/jdk.incubator.vector" type="simple" />
            <root url="jar://$USER_HOME$/java/jdk-17.0.4/lib/src.zip!/jdk.internal.jvmstat" type="simple" />
            <root url="jar://$USER_HOME$/java/jdk-17.0.4/lib/src.zip!/jdk.management.agent" type="simple" />
            <root url="jar://$USER_HOME$/java/jdk-17.0.4/lib/src.zip!/jdk.incubator.foreign" type="simple" />
            <root url="jar://$USER_HOME$/java/jdk-17.0.4/lib/src.zip!/jdk.unsupported.desktop" type="simple" />
            <root url="jar://$USER_HOME$/java/jdk-17.0.4/lib/src.zip!/jdk.internal.vm.compiler" type="simple" />
            <root url="jar://$USER_HOME$/java/jdk-17.0.4/lib/src.zip!/jdk.internal.vm.compiler.management" type="simple" />
          </root>
        </sourcePath>
      </roots>
      <additional />
    </jdk>
    <jdk version="2">
      <name value="17 (2)" />
      <type value="JavaSDK" />
      <version value="Oracle OpenJDK version 17.0.2" />
      <homePath value="D:\jdk17" />
      <roots>
        <classPath>
          <root type="composite">
            <root url="jrt:///home/Aaron-Li/D:/jdk17!/java.base" type="simple" />
            <root url="jrt:///home/Aaron-Li/D:/jdk17!/java.compiler" type="simple" />
            <root url="jrt:///home/Aaron-Li/D:/jdk17!/java.datatransfer" type="simple" />
            <root url="jrt:///home/Aaron-Li/D:/jdk17!/java.desktop" type="simple" />
            <root url="jrt:///home/Aaron-Li/D:/jdk17!/java.instrument" type="simple" />
            <root url="jrt:///home/Aaron-Li/D:/jdk17!/java.logging" type="simple" />
            <root url="jrt:///home/Aaron-Li/D:/jdk17!/java.management" type="simple" />
            <root url="jrt:///home/Aaron-Li/D:/jdk17!/java.management.rmi" type="simple" />
            <root url="jrt:///home/Aaron-Li/D:/jdk17!/java.naming" type="simple" />
            <root url="jrt:///home/Aaron-Li/D:/jdk17!/java.net.http" type="simple" />
            <root url="jrt:///home/Aaron-Li/D:/jdk17!/java.prefs" type="simple" />
            <root url="jrt:///home/Aaron-Li/D:/jdk17!/java.rmi" type="simple" />
            <root url="jrt:///home/Aaron-Li/D:/jdk17!/java.scripting" type="simple" />
            <root url="jrt:///home/Aaron-Li/D:/jdk17!/java.se" type="simple" />
            <root url="jrt:///home/Aaron-Li/D:/jdk17!/java.security.jgss" type="simple" />
            <root url="jrt:///home/Aaron-Li/D:/jdk17!/java.security.sasl" type="simple" />
            <root url="jrt:///home/Aaron-Li/D:/jdk17!/java.smartcardio" type="simple" />
            <root url="jrt:///home/Aaron-Li/D:/jdk17!/java.sql" type="simple" />
            <root url="jrt:///home/Aaron-Li/D:/jdk17!/java.sql.rowset" type="simple" />
            <root url="jrt:///home/Aaron-Li/D:/jdk17!/java.transaction.xa" type="simple" />
            <root url="jrt:///home/Aaron-Li/D:/jdk17!/java.xml" type="simple" />
            <root url="jrt:///home/Aaron-Li/D:/jdk17!/java.xml.crypto" type="simple" />
            <root url="jrt:///home/Aaron-Li/D:/jdk17!/jdk.accessibility" type="simple" />
            <root url="jrt:///home/Aaron-Li/D:/jdk17!/jdk.attach" type="simple" />
            <root url="jrt:///home/Aaron-Li/D:/jdk17!/jdk.charsets" type="simple" />
            <root url="jrt:///home/Aaron-Li/D:/jdk17!/jdk.compiler" type="simple" />
            <root url="jrt:///home/Aaron-Li/D:/jdk17!/jdk.crypto.cryptoki" type="simple" />
            <root url="jrt:///home/Aaron-Li/D:/jdk17!/jdk.crypto.ec" type="simple" />
            <root url="jrt:///home/Aaron-Li/D:/jdk17!/jdk.crypto.mscapi" type="simple" />
            <root url="jrt:///home/Aaron-Li/D:/jdk17!/jdk.dynalink" type="simple" />
            <root url="jrt:///home/Aaron-Li/D:/jdk17!/jdk.editpad" type="simple" />
            <root url="jrt:///home/Aaron-Li/D:/jdk17!/jdk.hotspot.agent" type="simple" />
            <root url="jrt:///home/Aaron-Li/D:/jdk17!/jdk.httpserver" type="simple" />
            <root url="jrt:///home/Aaron-Li/D:/jdk17!/jdk.incubator.foreign" type="simple" />
            <root url="jrt:///home/Aaron-Li/D:/jdk17!/jdk.incubator.vector" type="simple" />
            <root url="jrt:///home/Aaron-Li/D:/jdk17!/jdk.internal.ed" type="simple" />
            <root url="jrt:///home/Aaron-Li/D:/jdk17!/jdk.internal.jvmstat" type="simple" />
            <root url="jrt:///home/Aaron-Li/D:/jdk17!/jdk.internal.le" type="simple" />
            <root url="jrt:///home/Aaron-Li/D:/jdk17!/jdk.internal.opt" type="simple" />
            <root url="jrt:///home/Aaron-Li/D:/jdk17!/jdk.internal.vm.ci" type="simple" />
            <root url="jrt:///home/Aaron-Li/D:/jdk17!/jdk.internal.vm.compiler" type="simple" />
            <root url="jrt:///home/Aaron-Li/D:/jdk17!/jdk.internal.vm.compiler.management" type="simple" />
            <root url="jrt:///home/Aaron-Li/D:/jdk17!/jdk.jartool" type="simple" />
            <root url="jrt:///home/Aaron-Li/D:/jdk17!/jdk.javadoc" type="simple" />
            <root url="jrt:///home/Aaron-Li/D:/jdk17!/jdk.jcmd" type="simple" />
            <root url="jrt:///home/Aaron-Li/D:/jdk17!/jdk.jconsole" type="simple" />
            <root url="jrt:///home/Aaron-Li/D:/jdk17!/jdk.jdeps" type="simple" />
            <root url="jrt:///home/Aaron-Li/D:/jdk17!/jdk.jdi" type="simple" />
            <root url="jrt:///home/Aaron-Li/D:/jdk17!/jdk.jdwp.agent" type="simple" />
            <root url="jrt:///home/Aaron-Li/D:/jdk17!/jdk.jfr" type="simple" />
            <root url="jrt:///home/Aaron-Li/D:/jdk17!/jdk.jlink" type="simple" />
            <root url="jrt:///home/Aaron-Li/D:/jdk17!/jdk.jpackage" type="simple" />
            <root url="jrt:///home/Aaron-Li/D:/jdk17!/jdk.jshell" type="simple" />
            <root url="jrt:///home/Aaron-Li/D:/jdk17!/jdk.jsobject" type="simple" />
            <root url="jrt:///home/Aaron-Li/D:/jdk17!/jdk.jstatd" type="simple" />
            <root url="jrt:///home/Aaron-Li/D:/jdk17!/jdk.localedata" type="simple" />
            <root url="jrt:///home/Aaron-Li/D:/jdk17!/jdk.management" type="simple" />
            <root url="jrt:///home/Aaron-Li/D:/jdk17!/jdk.management.agent" type="simple" />
            <root url="jrt:///home/Aaron-Li/D:/jdk17!/jdk.management.jfr" type="simple" />
            <root url="jrt:///home/Aaron-Li/D:/jdk17!/jdk.naming.dns" type="simple" />
            <root url="jrt:///home/Aaron-Li/D:/jdk17!/jdk.naming.rmi" type="simple" />
            <root url="jrt:///home/Aaron-Li/D:/jdk17!/jdk.net" type="simple" />
            <root url="jrt:///home/Aaron-Li/D:/jdk17!/jdk.nio.mapmode" type="simple" />
            <root url="jrt:///home/Aaron-Li/D:/jdk17!/jdk.random" type="simple" />
            <root url="jrt:///home/Aaron-Li/D:/jdk17!/jdk.sctp" type="simple" />
            <root url="jrt:///home/Aaron-Li/D:/jdk17!/jdk.security.auth" type="simple" />
            <root url="jrt:///home/Aaron-Li/D:/jdk17!/jdk.security.jgss" type="simple" />
            <root url="jrt:///home/Aaron-Li/D:/jdk17!/jdk.unsupported" type="simple" />
            <root url="jrt:///home/Aaron-Li/D:/jdk17!/jdk.unsupported.desktop" type="simple" />
            <root url="jrt:///home/Aaron-Li/D:/jdk17!/jdk.xml.dom" type="simple" />
            <root url="jrt:///home/Aaron-Li/D:/jdk17!/jdk.zipfs" type="simple" />
          </root>
        </classPath>
        <sourcePath>
          <root type="composite">
            <root url="jar://$USER_HOME$/D:/jdk17/lib/src.zip!/java.se" type="simple" />
            <root url="jar://$USER_HOME$/D:/jdk17/lib/src.zip!/jdk.jdi" type="simple" />
            <root url="jar://$USER_HOME$/D:/jdk17/lib/src.zip!/jdk.jfr" type="simple" />
            <root url="jar://$USER_HOME$/D:/jdk17/lib/src.zip!/jdk.net" type="simple" />
            <root url="jar://$USER_HOME$/D:/jdk17/lib/src.zip!/java.rmi" type="simple" />
            <root url="jar://$USER_HOME$/D:/jdk17/lib/src.zip!/java.sql" type="simple" />
            <root url="jar://$USER_HOME$/D:/jdk17/lib/src.zip!/java.xml" type="simple" />
            <root url="jar://$USER_HOME$/D:/jdk17/lib/src.zip!/jdk.jcmd" type="simple" />
            <root url="jar://$USER_HOME$/D:/jdk17/lib/src.zip!/jdk.sctp" type="simple" />
            <root url="jar://$USER_HOME$/D:/jdk17/lib/src.zip!/java.base" type="simple" />
            <root url="jar://$USER_HOME$/D:/jdk17/lib/src.zip!/jdk.jdeps" type="simple" />
            <root url="jar://$USER_HOME$/D:/jdk17/lib/src.zip!/jdk.jlink" type="simple" />
            <root url="jar://$USER_HOME$/D:/jdk17/lib/src.zip!/jdk.zipfs" type="simple" />
            <root url="jar://$USER_HOME$/D:/jdk17/lib/src.zip!/java.prefs" type="simple" />
            <root url="jar://$USER_HOME$/D:/jdk17/lib/src.zip!/jdk.attach" type="simple" />
            <root url="jar://$USER_HOME$/D:/jdk17/lib/src.zip!/jdk.jshell" type="simple" />
            <root url="jar://$USER_HOME$/D:/jdk17/lib/src.zip!/jdk.jstatd" type="simple" />
            <root url="jar://$USER_HOME$/D:/jdk17/lib/src.zip!/jdk.random" type="simple" />
            <root url="jar://$USER_HOME$/D:/jdk17/lib/src.zip!/java.naming" type="simple" />
            <root url="jar://$USER_HOME$/D:/jdk17/lib/src.zip!/jdk.editpad" type="simple" />
            <root url="jar://$USER_HOME$/D:/jdk17/lib/src.zip!/jdk.jartool" type="simple" />
            <root url="jar://$USER_HOME$/D:/jdk17/lib/src.zip!/jdk.javadoc" type="simple" />
            <root url="jar://$USER_HOME$/D:/jdk17/lib/src.zip!/jdk.xml.dom" type="simple" />
            <root url="jar://$USER_HOME$/D:/jdk17/lib/src.zip!/java.desktop" type="simple" />
            <root url="jar://$USER_HOME$/D:/jdk17/lib/src.zip!/java.logging" type="simple" />
            <root url="jar://$USER_HOME$/D:/jdk17/lib/src.zip!/jdk.charsets" type="simple" />
            <root url="jar://$USER_HOME$/D:/jdk17/lib/src.zip!/jdk.compiler" type="simple" />
            <root url="jar://$USER_HOME$/D:/jdk17/lib/src.zip!/jdk.dynalink" type="simple" />
            <root url="jar://$USER_HOME$/D:/jdk17/lib/src.zip!/jdk.jconsole" type="simple" />
            <root url="jar://$USER_HOME$/D:/jdk17/lib/src.zip!/jdk.jpackage" type="simple" />
            <root url="jar://$USER_HOME$/D:/jdk17/lib/src.zip!/jdk.jsobject" type="simple" />
            <root url="jar://$USER_HOME$/D:/jdk17/lib/src.zip!/java.compiler" type="simple" />
            <root url="jar://$USER_HOME$/D:/jdk17/lib/src.zip!/java.net.http" type="simple" />
            <root url="jar://$USER_HOME$/D:/jdk17/lib/src.zip!/jdk.crypto.ec" type="simple" />
            <root url="jar://$USER_HOME$/D:/jdk17/lib/src.zip!/java.scripting" type="simple" />
            <root url="jar://$USER_HOME$/D:/jdk17/lib/src.zip!/jdk.httpserver" type="simple" />
            <root url="jar://$USER_HOME$/D:/jdk17/lib/src.zip!/jdk.jdwp.agent" type="simple" />
            <root url="jar://$USER_HOME$/D:/jdk17/lib/src.zip!/jdk.localedata" type="simple" />
            <root url="jar://$USER_HOME$/D:/jdk17/lib/src.zip!/jdk.management" type="simple" />
            <root url="jar://$USER_HOME$/D:/jdk17/lib/src.zip!/jdk.naming.dns" type="simple" />
            <root url="jar://$USER_HOME$/D:/jdk17/lib/src.zip!/jdk.naming.rmi" type="simple" />
            <root url="jar://$USER_HOME$/D:/jdk17/lib/src.zip!/java.instrument" type="simple" />
            <root url="jar://$USER_HOME$/D:/jdk17/lib/src.zip!/java.management" type="simple" />
            <root url="jar://$USER_HOME$/D:/jdk17/lib/src.zip!/java.sql.rowset" type="simple" />
            <root url="jar://$USER_HOME$/D:/jdk17/lib/src.zip!/java.xml.crypto" type="simple" />
            <root url="jar://$USER_HOME$/D:/jdk17/lib/src.zip!/jdk.internal.ed" type="simple" />
            <root url="jar://$USER_HOME$/D:/jdk17/lib/src.zip!/jdk.internal.le" type="simple" />
            <root url="jar://$USER_HOME$/D:/jdk17/lib/src.zip!/jdk.nio.mapmode" type="simple" />
            <root url="jar://$USER_HOME$/D:/jdk17/lib/src.zip!/jdk.unsupported" type="simple" />
            <root url="jar://$USER_HOME$/D:/jdk17/lib/src.zip!/java.smartcardio" type="simple" />
            <root url="jar://$USER_HOME$/D:/jdk17/lib/src.zip!/jdk.internal.opt" type="simple" />
            <root url="jar://$USER_HOME$/D:/jdk17/lib/src.zip!/java.datatransfer" type="simple" />
            <root url="jar://$USER_HOME$/D:/jdk17/lib/src.zip!/jdk.accessibility" type="simple" />
            <root url="jar://$USER_HOME$/D:/jdk17/lib/src.zip!/jdk.crypto.mscapi" type="simple" />
            <root url="jar://$USER_HOME$/D:/jdk17/lib/src.zip!/jdk.hotspot.agent" type="simple" />
            <root url="jar://$USER_HOME$/D:/jdk17/lib/src.zip!/jdk.security.auth" type="simple" />
            <root url="jar://$USER_HOME$/D:/jdk17/lib/src.zip!/jdk.security.jgss" type="simple" />
            <root url="jar://$USER_HOME$/D:/jdk17/lib/src.zip!/java.security.jgss" type="simple" />
            <root url="jar://$USER_HOME$/D:/jdk17/lib/src.zip!/java.security.sasl" type="simple" />
            <root url="jar://$USER_HOME$/D:/jdk17/lib/src.zip!/jdk.internal.vm.ci" type="simple" />
            <root url="jar://$USER_HOME$/D:/jdk17/lib/src.zip!/jdk.management.jfr" type="simple" />
            <root url="jar://$USER_HOME$/D:/jdk17/lib/src.zip!/java.management.rmi" type="simple" />
            <root url="jar://$USER_HOME$/D:/jdk17/lib/src.zip!/java.transaction.xa" type="simple" />
            <root url="jar://$USER_HOME$/D:/jdk17/lib/src.zip!/jdk.crypto.cryptoki" type="simple" />
            <root url="jar://$USER_HOME$/D:/jdk17/lib/src.zip!/jdk.incubator.vector" type="simple" />
            <root url="jar://$USER_HOME$/D:/jdk17/lib/src.zip!/jdk.internal.jvmstat" type="simple" />
            <root url="jar://$USER_HOME$/D:/jdk17/lib/src.zip!/jdk.management.agent" type="simple" />
            <root url="jar://$USER_HOME$/D:/jdk17/lib/src.zip!/jdk.incubator.foreign" type="simple" />
            <root url="jar://$USER_HOME$/D:/jdk17/lib/src.zip!/jdk.unsupported.desktop" type="simple" />
            <root url="jar://$USER_HOME$/D:/jdk17/lib/src.zip!/jdk.internal.vm.compiler" type="simple" />
            <root url="jar://$USER_HOME$/D:/jdk17/lib/src.zip!/jdk.internal.vm.compiler.management" type="simple" />
          </root>
        </sourcePath>
      </roots>
      <additional />
    </jdk>
    <jdk version="2">
      <name value="17 (3)" />
      <type value="JavaSDK" />
      <version value="Oracle OpenJDK version 17.0.3" />
      <homePath value="$USER_HOME$/java/jdk-17_linux-x64_bin/jdk-17.0.3.1" />
      <roots>
        <classPath>
          <root type="composite">
            <root url="jrt:///home/Aaron-Li/java/jdk-17_linux-x64_bin/jdk-17.0.3.1!/java.base" type="simple" />
            <root url="jrt:///home/Aaron-Li/java/jdk-17_linux-x64_bin/jdk-17.0.3.1!/java.compiler" type="simple" />
            <root url="jrt:///home/Aaron-Li/java/jdk-17_linux-x64_bin/jdk-17.0.3.1!/java.datatransfer" type="simple" />
            <root url="jrt:///home/Aaron-Li/java/jdk-17_linux-x64_bin/jdk-17.0.3.1!/java.desktop" type="simple" />
            <root url="jrt:///home/Aaron-Li/java/jdk-17_linux-x64_bin/jdk-17.0.3.1!/java.instrument" type="simple" />
            <root url="jrt:///home/Aaron-Li/java/jdk-17_linux-x64_bin/jdk-17.0.3.1!/java.logging" type="simple" />
            <root url="jrt:///home/Aaron-Li/java/jdk-17_linux-x64_bin/jdk-17.0.3.1!/java.management" type="simple" />
            <root url="jrt:///home/Aaron-Li/java/jdk-17_linux-x64_bin/jdk-17.0.3.1!/java.management.rmi" type="simple" />
            <root url="jrt:///home/Aaron-Li/java/jdk-17_linux-x64_bin/jdk-17.0.3.1!/java.naming" type="simple" />
            <root url="jrt:///home/Aaron-Li/java/jdk-17_linux-x64_bin/jdk-17.0.3.1!/java.net.http" type="simple" />
            <root url="jrt:///home/Aaron-Li/java/jdk-17_linux-x64_bin/jdk-17.0.3.1!/java.prefs" type="simple" />
            <root url="jrt:///home/Aaron-Li/java/jdk-17_linux-x64_bin/jdk-17.0.3.1!/java.rmi" type="simple" />
            <root url="jrt:///home/Aaron-Li/java/jdk-17_linux-x64_bin/jdk-17.0.3.1!/java.scripting" type="simple" />
            <root url="jrt:///home/Aaron-Li/java/jdk-17_linux-x64_bin/jdk-17.0.3.1!/java.se" type="simple" />
            <root url="jrt:///home/Aaron-Li/java/jdk-17_linux-x64_bin/jdk-17.0.3.1!/java.security.jgss" type="simple" />
            <root url="jrt:///home/Aaron-Li/java/jdk-17_linux-x64_bin/jdk-17.0.3.1!/java.security.sasl" type="simple" />
            <root url="jrt:///home/Aaron-Li/java/jdk-17_linux-x64_bin/jdk-17.0.3.1!/java.smartcardio" type="simple" />
            <root url="jrt:///home/Aaron-Li/java/jdk-17_linux-x64_bin/jdk-17.0.3.1!/java.sql" type="simple" />
            <root url="jrt:///home/Aaron-Li/java/jdk-17_linux-x64_bin/jdk-17.0.3.1!/java.sql.rowset" type="simple" />
            <root url="jrt:///home/Aaron-Li/java/jdk-17_linux-x64_bin/jdk-17.0.3.1!/java.transaction.xa" type="simple" />
            <root url="jrt:///home/Aaron-Li/java/jdk-17_linux-x64_bin/jdk-17.0.3.1!/java.xml" type="simple" />
            <root url="jrt:///home/Aaron-Li/java/jdk-17_linux-x64_bin/jdk-17.0.3.1!/java.xml.crypto" type="simple" />
            <root url="jrt:///home/Aaron-Li/java/jdk-17_linux-x64_bin/jdk-17.0.3.1!/jdk.accessibility" type="simple" />
            <root url="jrt:///home/Aaron-Li/java/jdk-17_linux-x64_bin/jdk-17.0.3.1!/jdk.attach" type="simple" />
            <root url="jrt:///home/Aaron-Li/java/jdk-17_linux-x64_bin/jdk-17.0.3.1!/jdk.charsets" type="simple" />
            <root url="jrt:///home/Aaron-Li/java/jdk-17_linux-x64_bin/jdk-17.0.3.1!/jdk.compiler" type="simple" />
            <root url="jrt:///home/Aaron-Li/java/jdk-17_linux-x64_bin/jdk-17.0.3.1!/jdk.crypto.cryptoki" type="simple" />
            <root url="jrt:///home/Aaron-Li/java/jdk-17_linux-x64_bin/jdk-17.0.3.1!/jdk.crypto.ec" type="simple" />
            <root url="jrt:///home/Aaron-Li/java/jdk-17_linux-x64_bin/jdk-17.0.3.1!/jdk.dynalink" type="simple" />
            <root url="jrt:///home/Aaron-Li/java/jdk-17_linux-x64_bin/jdk-17.0.3.1!/jdk.editpad" type="simple" />
            <root url="jrt:///home/Aaron-Li/java/jdk-17_linux-x64_bin/jdk-17.0.3.1!/jdk.hotspot.agent" type="simple" />
            <root url="jrt:///home/Aaron-Li/java/jdk-17_linux-x64_bin/jdk-17.0.3.1!/jdk.httpserver" type="simple" />
            <root url="jrt:///home/Aaron-Li/java/jdk-17_linux-x64_bin/jdk-17.0.3.1!/jdk.incubator.foreign" type="simple" />
            <root url="jrt:///home/Aaron-Li/java/jdk-17_linux-x64_bin/jdk-17.0.3.1!/jdk.incubator.vector" type="simple" />
            <root url="jrt:///home/Aaron-Li/java/jdk-17_linux-x64_bin/jdk-17.0.3.1!/jdk.internal.ed" type="simple" />
            <root url="jrt:///home/Aaron-Li/java/jdk-17_linux-x64_bin/jdk-17.0.3.1!/jdk.internal.jvmstat" type="simple" />
            <root url="jrt:///home/Aaron-Li/java/jdk-17_linux-x64_bin/jdk-17.0.3.1!/jdk.internal.le" type="simple" />
            <root url="jrt:///home/Aaron-Li/java/jdk-17_linux-x64_bin/jdk-17.0.3.1!/jdk.internal.opt" type="simple" />
            <root url="jrt:///home/Aaron-Li/java/jdk-17_linux-x64_bin/jdk-17.0.3.1!/jdk.internal.vm.ci" type="simple" />
            <root url="jrt:///home/Aaron-Li/java/jdk-17_linux-x64_bin/jdk-17.0.3.1!/jdk.internal.vm.compiler" type="simple" />
            <root url="jrt:///home/Aaron-Li/java/jdk-17_linux-x64_bin/jdk-17.0.3.1!/jdk.internal.vm.compiler.management" type="simple" />
            <root url="jrt:///home/Aaron-Li/java/jdk-17_linux-x64_bin/jdk-17.0.3.1!/jdk.jartool" type="simple" />
            <root url="jrt:///home/Aaron-Li/java/jdk-17_linux-x64_bin/jdk-17.0.3.1!/jdk.javadoc" type="simple" />
            <root url="jrt:///home/Aaron-Li/java/jdk-17_linux-x64_bin/jdk-17.0.3.1!/jdk.jcmd" type="simple" />
            <root url="jrt:///home/Aaron-Li/java/jdk-17_linux-x64_bin/jdk-17.0.3.1!/jdk.jconsole" type="simple" />
            <root url="jrt:///home/Aaron-Li/java/jdk-17_linux-x64_bin/jdk-17.0.3.1!/jdk.jdeps" type="simple" />
            <root url="jrt:///home/Aaron-Li/java/jdk-17_linux-x64_bin/jdk-17.0.3.1!/jdk.jdi" type="simple" />
            <root url="jrt:///home/Aaron-Li/java/jdk-17_linux-x64_bin/jdk-17.0.3.1!/jdk.jdwp.agent" type="simple" />
            <root url="jrt:///home/Aaron-Li/java/jdk-17_linux-x64_bin/jdk-17.0.3.1!/jdk.jfr" type="simple" />
            <root url="jrt:///home/Aaron-Li/java/jdk-17_linux-x64_bin/jdk-17.0.3.1!/jdk.jlink" type="simple" />
            <root url="jrt:///home/Aaron-Li/java/jdk-17_linux-x64_bin/jdk-17.0.3.1!/jdk.jpackage" type="simple" />
            <root url="jrt:///home/Aaron-Li/java/jdk-17_linux-x64_bin/jdk-17.0.3.1!/jdk.jshell" type="simple" />
            <root url="jrt:///home/Aaron-Li/java/jdk-17_linux-x64_bin/jdk-17.0.3.1!/jdk.jsobject" type="simple" />
            <root url="jrt:///home/Aaron-Li/java/jdk-17_linux-x64_bin/jdk-17.0.3.1!/jdk.jstatd" type="simple" />
            <root url="jrt:///home/Aaron-Li/java/jdk-17_linux-x64_bin/jdk-17.0.3.1!/jdk.localedata" type="simple" />
            <root url="jrt:///home/Aaron-Li/java/jdk-17_linux-x64_bin/jdk-17.0.3.1!/jdk.management" type="simple" />
            <root url="jrt:///home/Aaron-Li/java/jdk-17_linux-x64_bin/jdk-17.0.3.1!/jdk.management.agent" type="simple" />
            <root url="jrt:///home/Aaron-Li/java/jdk-17_linux-x64_bin/jdk-17.0.3.1!/jdk.management.jfr" type="simple" />
            <root url="jrt:///home/Aaron-Li/java/jdk-17_linux-x64_bin/jdk-17.0.3.1!/jdk.naming.dns" type="simple" />
            <root url="jrt:///home/Aaron-Li/java/jdk-17_linux-x64_bin/jdk-17.0.3.1!/jdk.naming.rmi" type="simple" />
            <root url="jrt:///home/Aaron-Li/java/jdk-17_linux-x64_bin/jdk-17.0.3.1!/jdk.net" type="simple" />
            <root url="jrt:///home/Aaron-Li/java/jdk-17_linux-x64_bin/jdk-17.0.3.1!/jdk.nio.mapmode" type="simple" />
            <root url="jrt:///home/Aaron-Li/java/jdk-17_linux-x64_bin/jdk-17.0.3.1!/jdk.random" type="simple" />
            <root url="jrt:///home/Aaron-Li/java/jdk-17_linux-x64_bin/jdk-17.0.3.1!/jdk.sctp" type="simple" />
            <root url="jrt:///home/Aaron-Li/java/jdk-17_linux-x64_bin/jdk-17.0.3.1!/jdk.security.auth" type="simple" />
            <root url="jrt:///home/Aaron-Li/java/jdk-17_linux-x64_bin/jdk-17.0.3.1!/jdk.security.jgss" type="simple" />
            <root url="jrt:///home/Aaron-Li/java/jdk-17_linux-x64_bin/jdk-17.0.3.1!/jdk.unsupported" type="simple" />
            <root url="jrt:///home/Aaron-Li/java/jdk-17_linux-x64_bin/jdk-17.0.3.1!/jdk.unsupported.desktop" type="simple" />
            <root url="jrt:///home/Aaron-Li/java/jdk-17_linux-x64_bin/jdk-17.0.3.1!/jdk.xml.dom" type="simple" />
            <root url="jrt:///home/Aaron-Li/java/jdk-17_linux-x64_bin/jdk-17.0.3.1!/jdk.zipfs" type="simple" />
          </root>
        </classPath>
        <sourcePath>
          <root type="composite">
            <root url="jar://$USER_HOME$/java/jdk-17_linux-x64_bin/jdk-17.0.3.1/lib/src.zip!/java.se" type="simple" />
            <root url="jar://$USER_HOME$/java/jdk-17_linux-x64_bin/jdk-17.0.3.1/lib/src.zip!/jdk.jdi" type="simple" />
            <root url="jar://$USER_HOME$/java/jdk-17_linux-x64_bin/jdk-17.0.3.1/lib/src.zip!/jdk.jfr" type="simple" />
            <root url="jar://$USER_HOME$/java/jdk-17_linux-x64_bin/jdk-17.0.3.1/lib/src.zip!/jdk.net" type="simple" />
            <root url="jar://$USER_HOME$/java/jdk-17_linux-x64_bin/jdk-17.0.3.1/lib/src.zip!/java.rmi" type="simple" />
            <root url="jar://$USER_HOME$/java/jdk-17_linux-x64_bin/jdk-17.0.3.1/lib/src.zip!/java.sql" type="simple" />
            <root url="jar://$USER_HOME$/java/jdk-17_linux-x64_bin/jdk-17.0.3.1/lib/src.zip!/java.xml" type="simple" />
            <root url="jar://$USER_HOME$/java/jdk-17_linux-x64_bin/jdk-17.0.3.1/lib/src.zip!/jdk.jcmd" type="simple" />
            <root url="jar://$USER_HOME$/java/jdk-17_linux-x64_bin/jdk-17.0.3.1/lib/src.zip!/jdk.sctp" type="simple" />
            <root url="jar://$USER_HOME$/java/jdk-17_linux-x64_bin/jdk-17.0.3.1/lib/src.zip!/java.base" type="simple" />
            <root url="jar://$USER_HOME$/java/jdk-17_linux-x64_bin/jdk-17.0.3.1/lib/src.zip!/jdk.jdeps" type="simple" />
            <root url="jar://$USER_HOME$/java/jdk-17_linux-x64_bin/jdk-17.0.3.1/lib/src.zip!/jdk.jlink" type="simple" />
            <root url="jar://$USER_HOME$/java/jdk-17_linux-x64_bin/jdk-17.0.3.1/lib/src.zip!/jdk.zipfs" type="simple" />
            <root url="jar://$USER_HOME$/java/jdk-17_linux-x64_bin/jdk-17.0.3.1/lib/src.zip!/java.prefs" type="simple" />
            <root url="jar://$USER_HOME$/java/jdk-17_linux-x64_bin/jdk-17.0.3.1/lib/src.zip!/jdk.attach" type="simple" />
            <root url="jar://$USER_HOME$/java/jdk-17_linux-x64_bin/jdk-17.0.3.1/lib/src.zip!/jdk.jshell" type="simple" />
            <root url="jar://$USER_HOME$/java/jdk-17_linux-x64_bin/jdk-17.0.3.1/lib/src.zip!/jdk.jstatd" type="simple" />
            <root url="jar://$USER_HOME$/java/jdk-17_linux-x64_bin/jdk-17.0.3.1/lib/src.zip!/jdk.random" type="simple" />
            <root url="jar://$USER_HOME$/java/jdk-17_linux-x64_bin/jdk-17.0.3.1/lib/src.zip!/java.naming" type="simple" />
            <root url="jar://$USER_HOME$/java/jdk-17_linux-x64_bin/jdk-17.0.3.1/lib/src.zip!/jdk.editpad" type="simple" />
            <root url="jar://$USER_HOME$/java/jdk-17_linux-x64_bin/jdk-17.0.3.1/lib/src.zip!/jdk.jartool" type="simple" />
            <root url="jar://$USER_HOME$/java/jdk-17_linux-x64_bin/jdk-17.0.3.1/lib/src.zip!/jdk.javadoc" type="simple" />
            <root url="jar://$USER_HOME$/java/jdk-17_linux-x64_bin/jdk-17.0.3.1/lib/src.zip!/jdk.xml.dom" type="simple" />
            <root url="jar://$USER_HOME$/java/jdk-17_linux-x64_bin/jdk-17.0.3.1/lib/src.zip!/java.desktop" type="simple" />
            <root url="jar://$USER_HOME$/java/jdk-17_linux-x64_bin/jdk-17.0.3.1/lib/src.zip!/java.logging" type="simple" />
            <root url="jar://$USER_HOME$/java/jdk-17_linux-x64_bin/jdk-17.0.3.1/lib/src.zip!/jdk.charsets" type="simple" />
            <root url="jar://$USER_HOME$/java/jdk-17_linux-x64_bin/jdk-17.0.3.1/lib/src.zip!/jdk.compiler" type="simple" />
            <root url="jar://$USER_HOME$/java/jdk-17_linux-x64_bin/jdk-17.0.3.1/lib/src.zip!/jdk.dynalink" type="simple" />
            <root url="jar://$USER_HOME$/java/jdk-17_linux-x64_bin/jdk-17.0.3.1/lib/src.zip!/jdk.jconsole" type="simple" />
            <root url="jar://$USER_HOME$/java/jdk-17_linux-x64_bin/jdk-17.0.3.1/lib/src.zip!/jdk.jpackage" type="simple" />
            <root url="jar://$USER_HOME$/java/jdk-17_linux-x64_bin/jdk-17.0.3.1/lib/src.zip!/jdk.jsobject" type="simple" />
            <root url="jar://$USER_HOME$/java/jdk-17_linux-x64_bin/jdk-17.0.3.1/lib/src.zip!/java.compiler" type="simple" />
            <root url="jar://$USER_HOME$/java/jdk-17_linux-x64_bin/jdk-17.0.3.1/lib/src.zip!/java.net.http" type="simple" />
            <root url="jar://$USER_HOME$/java/jdk-17_linux-x64_bin/jdk-17.0.3.1/lib/src.zip!/jdk.crypto.ec" type="simple" />
            <root url="jar://$USER_HOME$/java/jdk-17_linux-x64_bin/jdk-17.0.3.1/lib/src.zip!/java.scripting" type="simple" />
            <root url="jar://$USER_HOME$/java/jdk-17_linux-x64_bin/jdk-17.0.3.1/lib/src.zip!/jdk.httpserver" type="simple" />
            <root url="jar://$USER_HOME$/java/jdk-17_linux-x64_bin/jdk-17.0.3.1/lib/src.zip!/jdk.jdwp.agent" type="simple" />
            <root url="jar://$USER_HOME$/java/jdk-17_linux-x64_bin/jdk-17.0.3.1/lib/src.zip!/jdk.localedata" type="simple" />
            <root url="jar://$USER_HOME$/java/jdk-17_linux-x64_bin/jdk-17.0.3.1/lib/src.zip!/jdk.management" type="simple" />
            <root url="jar://$USER_HOME$/java/jdk-17_linux-x64_bin/jdk-17.0.3.1/lib/src.zip!/jdk.naming.dns" type="simple" />
            <root url="jar://$USER_HOME$/java/jdk-17_linux-x64_bin/jdk-17.0.3.1/lib/src.zip!/jdk.naming.rmi" type="simple" />
            <root url="jar://$USER_HOME$/java/jdk-17_linux-x64_bin/jdk-17.0.3.1/lib/src.zip!/java.instrument" type="simple" />
            <root url="jar://$USER_HOME$/java/jdk-17_linux-x64_bin/jdk-17.0.3.1/lib/src.zip!/java.management" type="simple" />
            <root url="jar://$USER_HOME$/java/jdk-17_linux-x64_bin/jdk-17.0.3.1/lib/src.zip!/java.sql.rowset" type="simple" />
            <root url="jar://$USER_HOME$/java/jdk-17_linux-x64_bin/jdk-17.0.3.1/lib/src.zip!/java.xml.crypto" type="simple" />
            <root url="jar://$USER_HOME$/java/jdk-17_linux-x64_bin/jdk-17.0.3.1/lib/src.zip!/jdk.internal.ed" type="simple" />
            <root url="jar://$USER_HOME$/java/jdk-17_linux-x64_bin/jdk-17.0.3.1/lib/src.zip!/jdk.internal.le" type="simple" />
            <root url="jar://$USER_HOME$/java/jdk-17_linux-x64_bin/jdk-17.0.3.1/lib/src.zip!/jdk.nio.mapmode" type="simple" />
            <root url="jar://$USER_HOME$/java/jdk-17_linux-x64_bin/jdk-17.0.3.1/lib/src.zip!/jdk.unsupported" type="simple" />
            <root url="jar://$USER_HOME$/java/jdk-17_linux-x64_bin/jdk-17.0.3.1/lib/src.zip!/java.smartcardio" type="simple" />
            <root url="jar://$USER_HOME$/java/jdk-17_linux-x64_bin/jdk-17.0.3.1/lib/src.zip!/jdk.internal.opt" type="simple" />
            <root url="jar://$USER_HOME$/java/jdk-17_linux-x64_bin/jdk-17.0.3.1/lib/src.zip!/java.datatransfer" type="simple" />
            <root url="jar://$USER_HOME$/java/jdk-17_linux-x64_bin/jdk-17.0.3.1/lib/src.zip!/jdk.accessibility" type="simple" />
            <root url="jar://$USER_HOME$/java/jdk-17_linux-x64_bin/jdk-17.0.3.1/lib/src.zip!/jdk.hotspot.agent" type="simple" />
            <root url="jar://$USER_HOME$/java/jdk-17_linux-x64_bin/jdk-17.0.3.1/lib/src.zip!/jdk.security.auth" type="simple" />
            <root url="jar://$USER_HOME$/java/jdk-17_linux-x64_bin/jdk-17.0.3.1/lib/src.zip!/jdk.security.jgss" type="simple" />
            <root url="jar://$USER_HOME$/java/jdk-17_linux-x64_bin/jdk-17.0.3.1/lib/src.zip!/java.security.jgss" type="simple" />
            <root url="jar://$USER_HOME$/java/jdk-17_linux-x64_bin/jdk-17.0.3.1/lib/src.zip!/java.security.sasl" type="simple" />
            <root url="jar://$USER_HOME$/java/jdk-17_linux-x64_bin/jdk-17.0.3.1/lib/src.zip!/jdk.internal.vm.ci" type="simple" />
            <root url="jar://$USER_HOME$/java/jdk-17_linux-x64_bin/jdk-17.0.3.1/lib/src.zip!/jdk.management.jfr" type="simple" />
            <root url="jar://$USER_HOME$/java/jdk-17_linux-x64_bin/jdk-17.0.3.1/lib/src.zip!/java.management.rmi" type="simple" />
            <root url="jar://$USER_HOME$/java/jdk-17_linux-x64_bin/jdk-17.0.3.1/lib/src.zip!/java.transaction.xa" type="simple" />
            <root url="jar://$USER_HOME$/java/jdk-17_linux-x64_bin/jdk-17.0.3.1/lib/src.zip!/jdk.crypto.cryptoki" type="simple" />
            <root url="jar://$USER_HOME$/java/jdk-17_linux-x64_bin/jdk-17.0.3.1/lib/src.zip!/jdk.incubator.vector" type="simple" />
            <root url="jar://$USER_HOME$/java/jdk-17_linux-x64_bin/jdk-17.0.3.1/lib/src.zip!/jdk.internal.jvmstat" type="simple" />
            <root url="jar://$USER_HOME$/java/jdk-17_linux-x64_bin/jdk-17.0.3.1/lib/src.zip!/jdk.management.agent" type="simple" />
            <root url="jar://$USER_HOME$/java/jdk-17_linux-x64_bin/jdk-17.0.3.1/lib/src.zip!/jdk.incubator.foreign" type="simple" />
            <root url="jar://$USER_HOME$/java/jdk-17_linux-x64_bin/jdk-17.0.3.1/lib/src.zip!/jdk.unsupported.desktop" type="simple" />
            <root url="jar://$USER_HOME$/java/jdk-17_linux-x64_bin/jdk-17.0.3.1/lib/src.zip!/jdk.internal.vm.compiler" type="simple" />
            <root url="jar://$USER_HOME$/java/jdk-17_linux-x64_bin/jdk-17.0.3.1/lib/src.zip!/jdk.internal.vm.compiler.management" type="simple" />
          </root>
        </sourcePath>
      </roots>
      <additional />
    </jdk>
  </component>
</application>