<application>
  <component name="ProjectManager">
    <defaultProject>
      <component name="AnalysisProjectProfileManager">
        <option name="PROJECT_PROFILE" />
        <option name="USE_PROJECT_LEVEL_SETTINGS" value="false" />
        <list size="0" />
      </component>
      <component name="JUnitGeneratorProjectSettings">
        <option name="selectedTemplateKey" value="JUnit 4" />
      </component>
      <component name="ProjectInspectionProfilesVisibleTreeState">
        <entry key="Project Default">
          <profile-state>
            <expanded-state>
              <State />
              <State>
                <id>SQL</id>
              </State>
            </expanded-state>
            <selected-state>
              <State>
                <id>C/C++</id>
              </State>
            </selected-state>
          </profile-state>
        </entry>
      </component>
      <component name="ProjectViewState">
        <option name="showLibraryContents" value="true" />
        <option name="showMembers" value="true" />
      </component>
      <component name="PropertiesComponent"><![CDATA[{
  "keyToString": {
    "last_opened_file_path": "/home/Aaron-Li/IDEA_Workspace",
    "settings.editor.selected.configurable": "reference.settingsdialog.IDE.editor.colors.Language Defaults"
  }
}]]></component>
      <component name="SuppressionsComponent">
        <option name="suppComments" value="[]" />
      </component>
      <component name="masterDetails">
        <states>
          <state key="ProjectJDKs.UI">
            <settings>
              <last-edited>17</last-edited>
              <splitter-proportions>
                <option name="proportions">
                  <list>
                    <option value="0.2" />
                  </list>
                </option>
              </splitter-proportions>
            </settings>
          </state>
          <state key="ScopeChooserConfigurable.UI">
            <settings>
              <splitter-proportions>
                <option name="proportions">
                  <list>
                    <option value="0.2" />
                  </list>
                </option>
              </splitter-proportions>
            </settings>
          </state>
        </states>
      </component>
    </defaultProject>
  </component>
</application>