<application>
  <component name="AppStorage">
    <option name="newTranslationDialogCollapseDictViewer" value="false" />
    <option name="newTranslationDialogHeight" value="321" />
    <option name="newTranslationDialogWidth" value="748" />
    <option name="newTranslationDialogX" value="696" />
    <option name="newTranslationDialogY" value="448" />
    <histories>
      <item value="Calculate" />
      <item value="计算单词长度" />
      <item value="计算单词" />
      <item value="计算" />
      <item value="counters" />
      <item value="date" />
      <item value="length of each bar" />
      <item value="digit" />
      <item value="di" />
      <item value="数组" />
      <item value="其他字符" />
      <item value="其他" />
      <item value="空白符" />
      <item value="空白" />
      <item value="Array" />
      <item value="真实" />
      <item value="introduction" />
      <item value="introdu" />
      <item value="intr" />
      <item value="determine ranges of types" />
      <item value="format" />
      <item value="overflow" />
      <item value="horizontal" />
      <item value="行" />
      <item value="exercise" />
      <item value="exer" />
      <item value="printf" />
      <item value="入门" />
      <item value="入门·" />
      <item value="电话" />
      <item value="Element" />
      <item value="x" />
      <item value="unit of measure is redundant" />
      <item value="unit of measure is " />
      <item value="unit of measure " />
      <item value="unit of measu" />
      <item value="unit of " />
      <item value="unit " />
      <item value="常见事件" />
      <item value="常见" />
      <item value="common event" />
      <item value="commonevent" />
      <item value="common e" />
      <item value="common" />
      <item value="co" />
      <item value="事件" />
      <item value="even" />
      <item value="ev" />
      <item value="g" />
      <item value="Featured" />
    </histories>
    <option name="languageScores">
      <map>
        <entry key="CHINESE" value="76" />
        <entry key="ENGLISH" value="75" />
        <entry key="SPANISH" value="1" />
      </map>
    </option>
  </component>
  <component name="Cache">
    <option name="lastTrimTime" value="1669515283847" />
  </component>
  <component name="Settings">
    <option name="translator" value="YOUDAO" />
    <option name="youdaoTranslateSettings">
      <youdao-translate>
        <option name="appId" value="7e3dfa3f12a4d817" />
        <option name="primaryLanguage" value="ALBANIAN" />
      </youdao-translate>
    </option>
  </component>
</application>