<application>
  <component name="AppStorage">
    <option name="newTranslationDialogCollapseDictViewer" value="false" />
    <option name="newTranslationDialogHeight" value="321" />
    <option name="newTranslationDialogWidth" value="756" />
    <histories>
      <item value="真实" />
      <item value="introduction" />
      <item value="introdu" />
      <item value="intr" />
      <item value="determine ranges of types" />
      <item value="format" />
      <item value="overflow" />
      <item value="counters" />
      <item value="length of each bar" />
      <item value="horizontal" />
      <item value="行" />
      <item value="exercise" />
      <item value="exer" />
      <item value="printf" />
      <item value="入门" />
      <item value="入门·" />
      <item value="电话" />
      <item value="Element" />
      <item value="x" />
      <item value="unit of measure is redundant" />
      <item value="unit of measure is " />
      <item value="unit of measure " />
      <item value="unit of measu" />
      <item value="unit of " />
      <item value="unit " />
      <item value="常见事件" />
      <item value="常见" />
      <item value="common event" />
      <item value="commonevent" />
      <item value="common e" />
      <item value="common" />
      <item value="co" />
      <item value="事件" />
      <item value="even" />
      <item value="ev" />
      <item value="g" />
      <item value="Featured" />
      <item value="精选" />
      <item value="间距" />
      <item value="顶部间距" />
      <item value="顶部" />
      <item value="gridsystem" />
      <item value="gri" />
      <item value="banner" />
      <item value="插件" />
      <item value="Pagination" />
      <item value="分页" />
      <item value="f分页" />
      <item value="f" />
      <item value="fen" />
    </histories>
    <option name="languageScores">
      <map>
        <entry key="CHINESE" value="72" />
        <entry key="ENGLISH" value="71" />
        <entry key="SPANISH" value="1" />
      </map>
    </option>
  </component>
  <component name="Cache">
    <option name="lastTrimTime" value="1669515283847" />
  </component>
  <component name="Settings">
    <option name="translator" value="YOUDAO" />
    <option name="youdaoTranslateSettings">
      <youdao-translate>
        <option name="appId" value="7e3dfa3f12a4d817" />
        <option name="primaryLanguage" value="ALBANIAN" />
      </youdao-translate>
    </option>
  </component>
  <component name="Translation.Cache">
    <option name="lastTrimTime" value="1669977651684" />
  </component>
  <component name="Translation.Settings">
    <option name="primaryLanguage" value="ENGLISH" />
    <option name="translator" value="YOUDAO" />
    <option name="youdaoTranslateSettings">
      <youdao-translate>
        <option name="appId" value="7e3dfa3f12a4d817" />
      </youdao-translate>
    </option>
  </component>
  <component name="Translation.States">
    <option name="newTranslationDialogWidth" value="644" />
    <option name="newTranslationDialogX" value="755" />
    <option name="newTranslationDialogY" value="463" />
    <histories>
      <item value="获取输入字符" />
      <item value="获取输入" />
      <item value="获取" />
      <item value="used in loop condition is not updated in teh loop" />
      <item value="used in loop condition is " />
      <item value="local variable " />
      <item value="判断数组是不是全为空白" />
      <item value="判断数组是不是全为" />
      <item value="判断数组是不是" />
      <item value="判断数组" />
      <item value="判断" />
      <item value="数组元素全是空白" />
      <item value="数组元素全是" />
      <item value="数组元素" />
      <item value="数组" />
      <item value="read-only variable is not assignable" />
      <item value="read-only variable is not assi" />
      <item value="read-only variable " />
      <item value="read-only " />
      <item value="read-" />
      <item value="read" />
      <item value="logical expression" />
      <item value="logical exp" />
      <item value="logical ex" />
      <item value="logical " />
      <item value="logi" />
      <item value="lo" />
      <item value="Determining" />
      <item value="判断数组长度" />
      <item value="简繁" />
      <item value="判斷" />
      <item value="fetch" />
      <item value="fe" />
      <item value="conflicting types " />
      <item value="conflicting types" />
      <item value="conflicting " />
      <item value="conflicting" />
      <item value="confi" />
      <item value="con" />
      <item value="删除空格" />
      <item value="删除" />
      <item value="leave" />
      <item value="Since there are len elements in s" />
      <item value="records" />
      <item value="copied from src to dst with nDstStart and nDstLen" />
      <item value="输出数组 'src'" />
      <item value="数组 'src'" />
      <item value="复制的数组 'src'" />
      <item value="被复制的数组 'src'" />
      <item value="被复制的数组 'src" />
    </histories>
    <option name="languageScores">
      <map>
        <entry key="CHINESE" value="16" />
        <entry key="ENGLISH" value="16" />
      </map>
    </option>
  </component>
</application>