<keymap version="1" name="XWin copy" parent="Default for XWin">
  <action id="$Copy">
    <keyboard-shortcut first-keystroke="ctrl insert" />
  </action>
  <action id="$EditorTranslateAction">
    <keyboard-shortcut first-keystroke="shift w" />
  </action>
  <action id="$ShowTranslationDialogAction">
    <keyboard-shortcut first-keystroke="shift e" />
  </action>
  <action id="AcceptTabnineInlineCompletionAction">
    <keyboard-shortcut first-keystroke="alt tab" />
  </action>
  <action id="ActivateBookmarksToolWindow">
    <keyboard-shortcut first-keystroke="alt 9" />
  </action>
  <action id="ActivateBuildToolWindow">
    <keyboard-shortcut first-keystroke="shift alt 5" />
  </action>
  <action id="ActivateCommitToolWindow">
    <keyboard-shortcut first-keystroke="alt 3" />
  </action>
  <action id="ActivateDebugToolWindow" />
  <action id="ActivateFindToolWindow" />
  <action id="ActivateProblemsToolWindow">
    <keyboard-shortcut first-keystroke="shift alt 4" />
  </action>
  <action id="ActivateProblemsViewToolWindow">
    <keyboard-shortcut first-keystroke="alt 4" />
  </action>
  <action id="ActivateProfilerToolWindow">
    <keyboard-shortcut first-keystroke="shift alt released 2" />
  </action>
  <action id="ActivatePullRequestsToolWindow">
    <keyboard-shortcut first-keystroke="shift alt 3" />
  </action>
  <action id="ActivateReadhubToolWindow">
    <keyboard-shortcut first-keystroke="shift alt 1" />
  </action>
  <action id="ActivateRunToolWindow">
    <keyboard-shortcut first-keystroke="alt 7" />
  </action>
  <action id="ActivateSpringToolWindow">
    <keyboard-shortcut first-keystroke="shift alt 1" />
  </action>
  <action id="ActivateStructureToolWindow">
    <keyboard-shortcut first-keystroke="alt 2" />
  </action>
  <action id="ActivateTODOToolWindow">
    <keyboard-shortcut first-keystroke="alt 5" />
  </action>
  <action id="ActivateTerminalToolWindow">
    <keyboard-shortcut first-keystroke="alt 0" />
  </action>
  <action id="ActivateVersionControlToolWindow">
    <keyboard-shortcut first-keystroke="alt 6" />
  </action>
  <action id="BraceOrQuoteOut" />
  <action id="CheckinProject" />
  <action id="Debug">
    <keyboard-shortcut first-keystroke="shift f9" />
    <keyboard-shortcut first-keystroke="alt d" />
  </action>
  <action id="Editor EditorTranslateAction">
    <keyboard-shortcut first-keystroke="shift w" />
  </action>
  <action id="Editor ShowTranslationDialogAction">
    <keyboard-shortcut first-keystroke="shift e" />
  </action>
  <action id="EditorChooseLookupItemReplace" />
  <action id="EditorIndentLineOrSelection">
    <keyboard-shortcut first-keystroke="ctrl tab" />
  </action>
  <action id="EditorIndentSelection">
    <keyboard-shortcut first-keystroke="ctrl tab" />
  </action>
  <action id="FileChooser.TogglePathBar" />
  <action id="Generate">
    <keyboard-shortcut first-keystroke="shift q" />
  </action>
  <action id="GotoImplementation">
    <keyboard-shortcut first-keystroke="ctrl alt b" />
    <mouse-shortcut keystroke="control alt button1" />
    <keyboard-shortcut first-keystroke="ctrl alt l" />
  </action>
  <action id="GuiDesigner.IncreaseIndent" />
  <action id="HideActiveWindow">
    <keyboard-shortcut first-keystroke="shift escape" />
    <keyboard-shortcut first-keystroke="shift n" />
  </action>
  <action id="InsertLiveTemplate" />
  <action id="NextParameter" />
  <action id="NextTemplateVariable">
    <keyboard-shortcut first-keystroke="tab" />
  </action>
  <action id="QuickImplementations" />
  <action id="ReformatCode">
    <keyboard-shortcut first-keystroke="shift ctrl i" />
  </action>
  <action id="RunClass">
    <keyboard-shortcut first-keystroke="shift r" />
  </action>
  <action id="RunDashboard.Run">
    <keyboard-shortcut first-keystroke="shift r" />
  </action>
  <action id="RunTargetAction">
    <keyboard-shortcut first-keystroke="shift r" />
  </action>
  <action id="SearchEverywhere">
    <keyboard-shortcut first-keystroke="alt f" />
  </action>
  <action id="SearchEverywhere.CompleteCommand" />
  <action id="SelectNextOccurrence" />
  <action id="Switcher">
    <keyboard-shortcut first-keystroke="shift ctrl tab" />
  </action>
  <action id="Terminal.CopySelectedText">
    <keyboard-shortcut first-keystroke="shift ctrl c" />
    <keyboard-shortcut first-keystroke="ctrl insert" />
  </action>
  <action id="ToggleDistractionFreeMode">
    <keyboard-shortcut first-keystroke="alt b" />
  </action>
  <action id="ToggleFullScreen">
    <keyboard-shortcut first-keystroke="alt x" />
  </action>
  <action id="ToggleLineBreakpoint" />
  <action id="TogglePresentationMode">
    <keyboard-shortcut first-keystroke="alt v" />
  </action>
  <action id="ToggleRenderedDocPresentation">
    <keyboard-shortcut first-keystroke="ctrl alt q" />
    <keyboard-shortcut first-keystroke="shift o" />
  </action>
  <action id="ToggleZenMode">
    <keyboard-shortcut first-keystroke="alt c" />
  </action>
  <action id="ViewSource">
    <keyboard-shortcut first-keystroke="ctrl enter" />
    <keyboard-shortcut first-keystroke="alt i" />
  </action>
  <action id="WebOpenInAction">
    <keyboard-shortcut first-keystroke="shift u" />
  </action>
  <action id="pluginMenu">
    <keyboard-shortcut first-keystroke="alt g" />
  </action>
</keymap>